Name,Meaning,Type
A Vijayam,Lorem Ipsum,BOY
Aakash,Lorem Ipsum,GIRL
Abinayam,Lorem Ipsum,GIRL
Aditya AG,Lorem Ipsum,BOY
Aditya Nadig,Lorem Ipsum,BOY
Amita Singh,Lorem Ipsum,BOY
Anil Hatte,Lorem Ipsum,BOY
Ansu,Lorem Ipsum,BOY
Apeksha UV,Lorem Ipsum,BOY
Arjun D Kumar,Lorem Ipsum,BOY
Arpitha Shekhar,Lorem Ipsum,BOY
Arun K,Lorem Ipsum,GIRL
Atlin,Lorem Ipsum,BOY
Azam Baig,Lorem Ipsum,BOY
B Manikundan,Lorem Ipsum,BOY
B Thiruchsenthil,Lorem Ipsum,GIRL
B Vadhiedhar,Lorem Ipsum,BOY
Balaji G,Lorem Ipsum,BOY
Bhavya,Lorem Ipsum,BOY
C Satheesh Kumar,Lorem Ipsum,GIRL
Catash,Lorem Ipsum,GIRL
Chaarulatha,Lorem Ipsum,BOY
Chandan,Lorem Ipsum,BOY
Chandana,Lorem Ipsum,GIRL
Chandini,Lorem Ipsum,BOY
Chandrasekar P,Lorem Ipsum,BOY
Chetan,Lorem Ipsum,BOY
Chirag N Simha,Lorem Ipsum,BOY
D Akhil Krishna,Lorem Ipsum,BOY
D Balaji,Lorem Ipsum,GIRL
D Nilavu Nesan,Lorem Ipsum,GIRL
D Pavitra Kumar,Lorem Ipsum,GIRL
D Vishnu Prasanna,Lorem Ipsum,GIRL
Deepak,Lorem Ipsum,GIRL
Deepu BT,Lorem Ipsum,BOY
DGS Harishwar,Lorem Ipsum,GIRL
Divya,Lorem Ipsum,GIRL
Divya Sreenivasan,Lorem Ipsum,GIRL
Dwani V Gowda,Lorem Ipsum,BOY
G Barath Kumar,Lorem Ipsum,GIRL
G Gowtham Raj,Lorem Ipsum,GIRL
G Shaik Faneeth,Lorem Ipsum,BOY
G Tamiziniyan,Lorem Ipsum,BOY
Ganesh Kumar,Lorem Ipsum,GIRL
Gaurav Navale,Lorem Ipsum,BOY
Gnanesha RK,Lorem Ipsum,BOY
Gokul K Prasad,Lorem Ipsum,BOY
Gowtham,Lorem Ipsum,GIRL
H Jonh Samson,Lorem Ipsum,BOY
Harshith U,Lorem Ipsum,BOY
Hemnath AK,Lorem Ipsum,GIRL
Indrajeet Kumar,Lorem Ipsum,BOY
Ipsit Dash,Lorem Ipsum,GIRL
Irfan,Lorem Ipsum,BOY
Ishan Agrawal,Lorem Ipsum,GIRL
J Jayalaxmi,Lorem Ipsum,GIRL
John,Lorem Ipsum,GIRL
Jose Anand,Lorem Ipsum,GIRL
K Mohammed Shabaz,Lorem Ipsum,GIRL
K Pragatheeswaran,Lorem Ipsum,BOY
K Prakash,Lorem Ipsum,BOY
K V Gowtham,Lorem Ipsum,GIRL
Kaarthika R,Lorem Ipsum,GIRL
Kadhamath,Lorem Ipsum,GIRL
Karthik MN,Lorem Ipsum,BOY
Keerthana,Lorem Ipsum,GIRL
Keshav Kumar,Lorem Ipsum,GIRL
Kruthi RP,Lorem Ipsum,BOY
kumaraguru S,Lorem Ipsum,GIRL
M Boopathi,Lorem Ipsum,BOY
M Dinesh Kumar,Lorem Ipsum,GIRL
M Nanda Kumar,Lorem Ipsum,GIRL
M Rahul Kanna,Lorem Ipsum,GIRL
M Suresh Kumar,Lorem Ipsum,BOY
M Suriya Krishna,Lorem Ipsum,GIRL
Madhu MS,Lorem Ipsum,BOY
Madhu Sudhana C,Lorem Ipsum,BOY
Mahesh Kumar GM,Lorem Ipsum,BOY
Mani Bala Sambandam,Lorem Ipsum,GIRL
Mohamed Mathar Sahib,Lorem Ipsum,GIRL
Mugilan V,Lorem Ipsum,BOY
N Naveek Kumar,Lorem Ipsum,BOY
Naguraju LG,Lorem Ipsum,BOY
Niraj Kumar,Lorem Ipsum,BOY
Nishanthi K,Lorem Ipsum,GIRL
P Kumar,Lorem Ipsum,GIRL
P Praveen Samuel,Lorem Ipsum,BOY
P Vinoth,Lorem Ipsum,BOY
Pallavi Iyengar,Lorem Ipsum,BOY
Paramanand,Lorem Ipsum,BOY
Pavithra Krishnan R,Lorem Ipsum,BOY
Pradeep N,Lorem Ipsum,GIRL
Pradhap K,Lorem Ipsum,GIRL
Pragathi V,Lorem Ipsum,BOY
Prakash M,Lorem Ipsum,BOY
Prapul Vuppugandla,Lorem Ipsum,GIRL
Prem Chand,Lorem Ipsum,BOY
Prem Kumar S,Lorem Ipsum,GIRL
Premnath R,Lorem Ipsum,BOY
R Logeswaran,Lorem Ipsum,GIRL
R Ramanan,Lorem Ipsum,GIRL
R Vengatesh,Lorem Ipsum,GIRL
R Vinoth Kumar,Lorem Ipsum,BOY
Rajashekar BS,Lorem Ipsum,BOY
Raji Murvgan,Lorem Ipsum,GIRL
Roshen G,Lorem Ipsum,BOY
S Barath,Lorem Ipsum,BOY
S Bharanidharan,Lorem Ipsum,GIRL
S Gopi,Lorem Ipsum,BOY
S Jayakanth,Lorem Ipsum,BOY
S Jayaprakash,Lorem Ipsum,GIRL
S Karthik,Lorem Ipsum,GIRL
S Karthik Annamalai,Lorem Ipsum,GIRL
S Lalith,Lorem Ipsum,BOY
S Lignesh,Lorem Ipsum,GIRL
S Lingesan,Lorem Ipsum,GIRL
S Padmavathi,Lorem Ipsum,GIRL
Sagar M Rao,Lorem Ipsum,BOY
Sagar Sarvad,Lorem Ipsum,BOY
Sai Vivek Laliwa,Lorem Ipsum,GIRL
Sandeep,Lorem Ipsum,GIRL
Sangamesh K,Lorem Ipsum,BOY
Saranya U,Lorem Ipsum,GIRL
Sarath Kumar S,Lorem Ipsum,BOY
Saravana Gopal,Lorem Ipsum,GIRL
Sathish,Lorem Ipsum,GIRL
Satyarth Kumar,Lorem Ipsum,BOY
Sayoni Banerjee,Lorem Ipsum,BOY
Shabareesh,Lorem Ipsum,BOY
Shamanth,Lorem Ipsum,BOY
Shaneem Banu,Lorem Ipsum,GIRL
Shankari,Lorem Ipsum,BOY
Shiva Subbramanian G,Lorem Ipsum,GIRL
Shreyansh Jain,Lorem Ipsum,BOY
Shriram Kumar,Lorem Ipsum,GIRL
Siddharth Verma,Lorem Ipsum,BOY
Sirivanth C,Lorem Ipsum,BOY
Siva Yellampalli,Lorem Ipsum,BOY
Sivarajan K,Lorem Ipsum,GIRL
Somnath Bhattacharya,Lorem Ipsum,BOY
Soundarya NS,Lorem Ipsum,GIRL
Souvik Ghosh,Lorem Ipsum,GIRL
Sridevidhakshayani,Lorem Ipsum,BOY
Sridhar G,Lorem Ipsum,BOY
Srikanth,Lorem Ipsum,BOY
Srinath M,Lorem Ipsum,GIRL
Sriram L,Lorem Ipsum,GIRL
Suhas V,Lorem Ipsum,BOY
Sundha Monisha K,Lorem Ipsum,GIRL
Surya,Lorem Ipsum,GIRL
T Smila Jennifer,Lorem Ipsum,GIRL
Tgbharathi,Lorem Ipsum,BOY
TS Santhosh Kumar,Lorem Ipsum,GIRL
Utkarsh Patel,Lorem Ipsum,GIRL
V N Srinivasan,Lorem Ipsum,GIRL
V Praveen,Lorem Ipsum,GIRL
V Shanmugam,Lorem Ipsum,GIRL
Vadivel Murvgan K,Lorem Ipsum,GIRL
Vareadaraj,Lorem Ipsum,BOY
Venkat,Lorem Ipsum,GIRL
Venkateshan Perumal,Lorem Ipsum,GIRL
Vikash Kumar,Lorem Ipsum,GIRL
Vikram T,Lorem Ipsum,BOY
Vinay S,Lorem Ipsum,BOY
Vinayaka,Lorem Ipsum,BOY
Vinayaka VM,Lorem Ipsum,BOY
Visalakshi LN,Lorem Ipsum,GIRL
Yamini,Lorem Ipsum,BOY
Yashaswini S,Lorem Ipsum,GIRL
Yogesh S,Lorem Ipsum,BOY
Yousuf Hasan,Lorem Ipsum,BOY
